,LGA (POW),Train,Bus,Ferry,Tram,Taxi,"Car, as driver","Car, as passenger",Truck,Motorbike/scooter,Bicycle,Walked only,Other Mode,Worked at home,Did not go to work,Not stated,Not applicable,Total
0,Albury,0,0,0,0,0,0,0,0,0,0,0,0,0,0,0,0,0
1,Armidale Regional,0,0,0,0,0,0,0,0,0,0,0,0,0,0,0,0,0
2,Ballina,0,0,0,0,0,0,0,0,0,0,0,0,0,0,0,0,0
3,Balranald,0,0,0,0,0,0,0,0,0,0,0,0,0,0,0,0,0
4,Bathurst Regional,0,0,0,0,0,0,0,0,0,0,0,0,0,0,0,0,0
5,Bega Valley,0,0,0,0,0,0,0,0,0,0,0,0,0,0,0,0,0
6,Bellingen,0,0,0,0,0,0,0,0,0,0,0,0,0,0,0,0,0
7,Berrigan,0,0,0,0,0,0,0,0,0,0,0,0,0,0,0,0,0
8,Blacktown,0,0,0,0,0,5,0,0,0,0,0,0,0,0,0,0,5
9,Bland,0,0,0,0,0,0,0,0,0,0,0,0,0,0,0,0,0
10,Blayney,0,0,0,0,0,0,0,0,0,0,0,0,0,0,0,0,0
11,Blue Mountains,0,0,0,0,0,0,0,0,0,0,0,0,0,0,0,0,0
12,Bogan,0,0,0,0,0,0,0,0,0,0,0,0,0,0,0,0,0
13,Botany Bay,0,0,0,0,0,0,0,0,0,0,0,0,0,0,0,0,0
14,Bourke,0,0,0,0,0,0,0,0,0,0,0,0,0,0,0,0,0
15,Brewarrina,0,0,0,0,0,0,0,0,0,0,0,0,0,0,0,0,0
16,Broken Hill,0,0,0,0,0,0,0,0,0,0,0,0,0,0,0,0,0
17,Burwood,0,0,0,0,0,0,0,0,0,0,0,0,0,0,0,0,0
18,Byron,0,0,0,0,0,0,0,0,0,0,0,0,0,0,0,0,0
19,Cabonne,0,0,0,0,0,0,0,0,0,0,0,0,0,0,0,0,0
20,Camden,0,0,0,0,0,0,0,0,0,0,0,0,0,0,0,0,0
21,Campbelltown (NSW),0,0,0,0,0,0,0,0,0,0,0,0,0,0,0,0,0
22,Canada Bay,0,0,0,0,0,0,0,0,0,0,0,0,0,0,0,0,0
23,Canterbury-Bankstown,0,0,0,0,0,0,0,0,0,0,0,0,0,0,0,0,0
24,Carrathool,0,0,0,0,0,3,0,0,0,0,0,0,0,0,0,0,3
25,Central Coast (NSW),0,0,0,0,0,0,0,0,0,0,0,0,0,0,0,0,0
26,Central Darling,0,0,0,0,0,0,0,0,0,0,0,0,0,0,0,0,0
27,Cessnock,0,0,0,0,0,0,0,0,0,0,0,0,0,0,0,0,0
28,Clarence Valley,0,0,0,0,0,0,0,0,0,0,0,0,0,0,0,0,0
29,Cobar,0,0,0,0,0,0,0,0,0,0,0,0,0,0,0,0,0
30,Coffs Harbour,0,0,0,0,0,0,0,0,0,0,0,0,0,0,0,0,0
31,Coolamon,0,0,0,0,0,0,0,0,0,0,0,0,0,0,0,0,0
32,Coonamble,0,0,0,0,0,0,0,0,0,0,0,0,0,0,0,0,0
33,Cowra,0,0,0,0,0,0,0,0,0,0,0,0,0,0,0,0,0
34,Cumberland,0,0,0,0,0,0,0,0,0,0,0,0,0,0,0,0,0
35,Dungog,0,0,0,0,0,0,0,0,0,0,0,0,0,0,0,0,0
36,Edward River,0,0,0,0,0,0,0,0,0,0,0,0,0,0,0,0,0
37,Eurobodalla,0,0,0,0,0,0,0,0,0,0,0,0,0,0,0,0,0
38,Fairfield,0,0,0,0,0,0,0,0,0,0,0,0,0,0,0,0,0
39,Federation,0,0,0,0,0,0,0,0,0,0,0,0,0,0,0,0,0
40,Forbes,0,0,0,0,0,0,0,0,0,0,0,0,0,0,0,0,0
41,Georges River,0,0,0,0,0,0,0,0,0,0,0,0,0,0,0,0,0
42,Gilgandra,0,0,0,0,0,0,0,0,0,0,0,0,0,0,0,0,0
43,Glen Innes Severn,0,0,0,0,0,0,0,0,0,0,0,0,0,0,0,0,0
44,Goulburn Mulwaree,0,0,0,0,0,0,0,0,0,0,0,0,0,0,0,0,0
45,Greater Hume Shire,0,0,0,0,0,0,0,0,0,0,0,0,0,0,0,0,0
46,Griffith,0,0,0,0,0,0,0,0,0,0,0,0,0,0,0,0,0
47,Gundagai,0,0,0,0,0,0,0,0,0,0,0,0,0,0,0,0,0
48,Gunnedah,0,0,0,0,0,0,0,0,0,0,0,0,0,0,0,0,0
49,Gwydir,0,0,0,0,0,0,0,0,0,0,0,0,0,0,0,0,0
50,Hawkesbury,0,0,0,0,0,3,0,0,0,0,0,0,0,0,0,0,3
51,Hay,0,0,0,0,0,0,0,0,0,0,0,0,0,0,0,0,0
52,Hilltops,0,0,0,0,0,0,0,0,0,0,0,0,0,0,0,0,0
53,Hornsby,0,0,0,0,0,0,0,0,0,0,0,0,0,0,0,0,3
54,Hunters Hill,0,0,0,0,0,0,0,0,0,0,0,0,0,0,0,0,0
55,Inner West,0,0,0,0,0,0,0,0,0,0,0,0,0,0,0,0,0
56,Inverell,0,0,0,0,0,0,0,0,0,0,0,0,0,0,0,0,0
57,Junee,0,0,0,0,0,0,0,0,0,0,0,0,0,0,0,0,0
58,Kempsey,0,0,0,0,0,0,0,0,0,0,0,0,0,0,0,0,0
59,Kiama,0,0,0,0,0,0,0,0,0,0,0,0,0,0,0,0,0
60,Ku-ring-gai,0,0,0,0,0,0,0,0,0,0,0,0,0,0,0,0,0
61,Kyogle,0,0,0,0,0,0,0,0,0,0,0,0,0,0,0,0,0
62,Lachlan,0,0,0,0,0,0,0,0,0,0,0,0,0,0,0,0,0
63,Lake Macquarie,0,0,0,0,0,0,0,0,0,0,0,0,0,0,0,0,0
64,Lane Cove,0,0,0,0,0,0,0,0,0,0,0,0,0,0,0,0,0
65,Leeton,0,0,0,0,0,0,0,0,0,0,0,0,0,0,0,0,0
66,Lismore,0,0,0,0,0,0,0,0,0,0,0,0,0,0,0,0,0
67,Lithgow,0,0,0,0,0,0,0,0,0,0,0,0,0,0,0,0,0
68,Liverpool,0,0,0,0,0,0,0,0,0,0,0,0,0,0,0,0,0
69,Liverpool Plains,0,0,0,0,0,0,0,0,0,0,0,0,0,0,0,0,0
70,Lockhart,0,0,0,0,0,0,0,0,0,0,0,0,0,0,0,0,0
71,Maitland,0,0,0,0,0,0,0,0,0,0,0,0,0,0,0,0,0
72,Mid-Coast,0,0,0,0,0,0,0,0,0,0,0,0,0,0,0,0,0
73,Mid-Western Regional,0,0,0,0,0,0,0,0,0,0,0,0,0,0,0,0,0
74,Moree Plains,0,0,0,0,0,0,0,0,0,0,0,0,0,0,0,0,0
75,Mosman,0,0,0,0,0,0,0,0,0,0,0,0,0,0,0,0,0
76,Murray River,0,0,0,0,0,0,0,0,0,0,0,0,0,0,0,0,0
77,Murrumbidgee,0,0,0,0,0,0,0,0,0,0,0,0,0,0,0,0,0
78,Muswellbrook,0,0,0,0,0,0,0,0,0,0,0,0,0,0,0,0,0
79,Nambucca,0,0,0,0,0,0,0,0,0,0,0,0,0,0,0,0,0
80,Narrabri,0,0,0,0,0,0,0,0,0,0,0,0,0,0,0,0,0
81,Narrandera,0,0,0,0,0,0,0,0,0,0,0,0,0,0,0,0,0
82,Narromine,0,0,0,0,0,0,0,0,0,0,0,0,0,0,0,0,0
83,Newcastle,0,0,0,0,0,0,0,0,0,0,0,0,0,0,0,0,0
84,North Sydney,0,0,0,0,0,3,0,0,0,0,0,0,0,0,0,0,4
85,Northern Beaches,0,0,0,0,0,0,0,0,0,0,0,0,0,0,0,0,0
86,Oberon,0,0,0,0,0,0,0,0,0,0,0,0,0,0,0,0,0
87,Orange,0,0,0,0,0,0,0,0,0,0,0,0,0,0,0,0,0
88,Parkes,0,0,0,0,0,0,0,0,0,0,0,0,0,0,0,0,0
89,Parramatta,0,0,0,0,0,0,0,0,0,0,0,0,0,0,0,0,0
90,Penrith,0,0,0,0,0,0,0,0,0,0,0,0,0,0,0,0,0
91,Port Macquarie-Hastings,0,0,0,0,0,0,0,0,0,0,0,0,0,0,0,0,0
92,Port Stephens,0,0,0,0,0,0,0,0,0,0,0,0,0,0,0,0,0
93,Queanbeyan-Palerang Regional,0,0,0,0,0,0,0,0,0,0,0,0,0,0,0,0,0
94,Randwick,0,0,0,0,0,0,0,0,0,0,0,0,0,0,0,0,4
95,Richmond Valley,0,0,0,0,0,0,0,0,0,0,0,0,0,0,0,0,0
96,Rockdale,0,0,0,0,0,0,0,0,0,0,0,0,0,0,0,0,0
97,Ryde,0,0,0,0,0,0,0,0,0,0,0,0,0,0,0,0,0
98,Shellharbour,0,0,0,0,0,0,0,0,0,0,0,0,0,0,0,0,0
99,Shoalhaven,0,0,0,0,0,0,0,0,0,0,0,0,0,0,0,0,0
100,Singleton,0,0,0,0,0,0,0,0,0,0,0,0,0,0,0,0,0
101,Snowy Monaro Regional,0,0,0,0,0,0,0,0,0,0,0,0,0,0,0,0,3
102,Snowy Valleys,0,0,0,0,0,0,0,0,0,0,0,0,0,0,0,0,0
103,Strathfield,0,0,0,0,0,0,0,0,0,0,0,0,0,0,0,0,0
104,Sutherland Shire,0,0,0,0,0,0,0,0,0,0,0,0,0,0,0,0,0
105,Sydney,6,0,0,0,0,5,0,0,0,0,0,0,0,0,0,0,11
106,Tamworth Regional,0,0,0,0,0,0,0,0,0,0,0,0,0,0,0,0,0
107,Temora,0,0,0,0,0,0,0,0,0,0,0,0,0,0,0,0,0
108,Tenterfield,0,0,0,0,0,0,0,0,0,0,0,0,0,0,0,0,0
109,The Hills Shire,0,0,0,0,0,0,0,0,0,0,0,0,0,0,0,0,0
110,Tweed,0,0,0,0,0,0,0,0,0,0,0,0,0,0,0,0,0
111,Upper Hunter Shire,0,0,0,0,0,0,0,0,0,0,0,0,0,0,0,0,0
112,Upper Lachlan Shire,0,0,0,0,0,0,0,0,0,0,0,0,0,0,0,0,0
113,Uralla,0,0,0,0,0,0,0,0,0,0,0,0,0,0,0,0,0
114,Wagga Wagga,0,0,0,0,0,0,0,0,0,0,0,0,0,0,0,0,0
115,Walcha,0,0,0,0,0,0,0,0,0,0,0,0,0,0,0,0,0
116,Walgett,0,0,0,0,0,0,0,0,0,0,0,0,0,0,0,0,0
117,Warren,0,0,0,0,0,0,0,0,0,0,0,0,0,0,0,0,0
118,Warrumbungle Shire,0,0,0,0,0,0,0,0,0,0,0,0,0,0,0,0,0
119,Waverley,0,0,0,0,0,0,0,0,0,0,0,0,0,0,0,0,0
120,Weddin,0,0,0,0,0,0,0,0,0,0,0,0,0,0,0,0,0
121,Wentworth,0,0,0,0,0,0,0,0,0,0,0,0,0,0,0,0,0
122,Western Plains Regional,0,0,0,0,0,0,0,0,0,0,0,0,0,0,0,0,0
123,Willoughby,0,0,0,0,0,9,0,0,0,0,0,0,0,3,0,0,7
124,Wingecarribee,0,0,0,0,0,0,0,0,0,0,0,0,0,0,0,0,0
125,Wollondilly,0,0,0,0,0,0,0,0,0,0,0,0,0,0,0,0,0
126,Wollongong,0,0,0,0,0,0,0,0,0,0,0,0,0,0,0,0,0
127,Woollahra,0,0,0,0,0,0,0,0,0,0,0,0,0,0,0,0,0
128,Yass Valley,0,0,0,0,0,0,0,0,0,0,0,0,0,0,0,0,0
129,Unincorporated NSW,0,0,0,0,0,0,0,0,0,0,0,0,0,0,0,0,0
130,No Fixed Address (NSW),0,0,0,0,0,9,0,0,0,0,0,0,0,3,0,0,12
131,Migratory - Offshore - Shipping (NSW),0,0,0,0,0,0,0,0,0,0,0,0,0,0,0,0,0
132,Alpine,0,0,0,0,0,0,0,0,0,0,0,0,0,0,0,0,0
133,Ararat (RC),0,0,0,0,0,0,0,0,0,0,0,0,0,0,0,0,0
134,Ballarat,0,0,0,0,0,0,0,0,0,0,0,0,0,0,0,0,0
135,Banyule,0,0,0,0,0,0,0,0,0,0,0,0,0,0,0,0,0
136,Bass Coast,0,0,0,0,0,0,0,0,0,0,0,0,0,4,0,0,4
137,Baw Baw,0,0,0,0,0,0,0,0,0,0,0,0,0,0,0,0,0
138,Bayside,0,0,0,0,0,0,0,0,0,0,0,0,0,0,0,0,0
139,Benalla (RC),0,0,0,0,0,0,0,0,0,0,0,0,0,0,0,0,0
140,Boroondara,0,0,0,0,0,0,0,0,0,0,0,0,0,0,0,0,0
141,Brimbank,0,0,0,0,0,0,0,0,0,0,0,0,0,0,0,0,0
142,Buloke,0,0,0,0,0,0,0,0,0,0,0,0,0,0,0,0,0
143,Campaspe,0,0,0,0,0,0,0,0,0,0,0,0,0,0,0,0,0
144,Cardinia,0,0,0,0,0,0,0,0,0,0,0,0,0,0,0,0,0
145,Casey,0,0,0,0,0,0,0,0,0,0,0,0,0,0,0,0,0
146,Central Goldfields,0,0,0,0,0,0,0,0,0,0,0,0,0,0,0,0,0
147,Colac-Otway,0,0,0,0,0,0,0,0,0,0,0,0,0,0,0,0,0
148,Corangamite,0,0,0,0,0,0,0,0,0,0,0,0,0,0,0,0,0
149,Darebin,0,0,0,0,0,0,0,0,0,0,0,0,0,0,0,0,0
150,East Gippsland,0,0,0,0,0,0,0,0,0,0,0,0,0,0,0,0,0
151,Frankston,0,0,0,0,0,0,0,0,0,0,0,0,0,0,0,0,0
152,Gannawarra,0,0,0,0,0,0,0,0,0,0,0,0,0,0,0,0,0
153,Glen Eira,0,0,0,0,0,0,0,0,0,0,0,0,0,0,0,0,0
154,Glenelg,0,0,0,0,0,0,0,0,0,0,0,0,0,0,0,0,0
155,Golden Plains,0,0,0,0,0,0,0,0,0,0,0,0,0,0,0,0,0
156,Greater Bendigo,0,0,0,0,0,0,0,0,0,0,0,0,0,0,0,0,0
157,Greater Dandenong,0,0,0,0,0,0,0,0,0,0,0,0,0,0,0,0,0
158,Greater Geelong,0,0,0,0,0,0,0,0,0,0,0,0,0,0,0,0,0
159,Greater Shepparton,0,0,0,0,0,0,0,0,0,0,0,0,0,0,0,0,0
160,Hepburn,0,0,0,0,0,0,0,0,0,0,0,0,0,0,0,0,0
161,Hindmarsh,0,0,0,0,0,0,0,0,0,0,0,0,0,0,0,0,0
162,Hobsons Bay,0,0,0,0,0,0,0,0,0,0,0,0,0,0,0,0,0
163,Horsham (RC),0,0,0,0,0,0,0,0,0,0,0,0,0,0,0,0,0
164,Hume,0,0,0,0,0,0,0,0,0,0,0,0,0,0,0,0,0
165,Indigo,0,0,0,0,0,0,0,0,0,0,0,0,0,0,0,0,0
166,Kingston,0,0,0,0,0,0,0,0,0,0,0,0,0,0,0,0,0
167,Knox,0,0,0,0,0,0,0,0,0,0,0,0,0,0,0,0,0
168,Latrobe,0,0,0,0,0,0,0,0,0,0,0,0,0,0,0,0,0
169,Loddon,0,0,0,0,0,0,0,0,0,0,0,0,0,0,0,0,0
170,Macedon Ranges,0,0,0,0,0,0,0,0,0,0,0,0,0,0,0,0,0
171,Manningham,0,0,0,0,0,0,0,0,0,0,0,0,0,0,0,0,0
172,Mansfield,0,0,0,0,0,0,0,0,0,0,0,0,0,0,0,0,0
173,Maribyrnong,0,0,0,0,0,0,0,0,0,0,0,0,0,0,0,0,0
174,Maroondah,0,0,0,0,0,0,0,0,0,0,0,0,0,0,0,0,0
175,Melbourne,0,0,0,0,0,5,0,0,0,0,0,0,0,0,0,0,14
176,Melton,0,0,0,0,0,0,0,0,0,0,0,0,0,0,0,0,0
177,Mildura (RC),0,0,0,0,0,0,0,0,0,0,0,0,0,0,0,0,0
178,Mitchell,0,0,0,0,0,0,0,0,0,0,0,0,0,0,0,0,0
179,Moira,0,0,0,0,0,0,0,0,0,0,0,0,0,0,0,0,0
180,Monash,0,0,0,0,0,3,0,0,0,0,0,0,0,0,0,0,7
181,Moonee Valley,0,0,0,0,0,0,0,0,0,0,0,0,0,0,0,0,0
182,Moorabool,0,0,0,0,0,0,0,0,0,0,0,0,0,0,0,0,0
183,Moreland,0,0,0,0,0,0,0,0,0,0,0,0,0,0,0,0,0
184,Mornington Peninsula,0,0,0,0,0,0,0,0,0,0,0,0,0,0,0,0,0
185,Mount Alexander,0,0,0,0,0,0,0,0,0,0,0,0,0,0,0,0,0
186,Moyne,0,0,0,0,0,0,0,0,0,0,0,0,0,0,0,0,0
187,Murrindindi,0,0,0,0,0,0,0,0,0,0,0,0,0,0,0,0,0
188,Nillumbik,0,0,0,0,0,0,0,0,0,0,0,0,0,0,0,0,0
189,Northern Grampians,0,0,0,0,0,0,0,0,0,0,0,0,0,0,0,0,0
190,Port Phillip,0,0,0,0,0,0,0,0,0,0,0,0,0,0,0,0,6
191,Pyrenees,0,0,0,0,0,0,0,0,0,0,0,0,0,0,0,0,0
192,Queenscliffe (B),0,0,0,0,0,0,0,0,0,0,0,0,0,0,0,0,0
193,South Gippsland,0,0,0,0,0,0,0,0,0,0,0,0,0,0,0,0,0
194,Southern Grampians,0,0,0,0,0,0,0,0,0,0,0,0,0,0,0,0,0
195,Stonnington,0,0,0,0,0,0,0,0,0,0,0,0,0,0,0,0,0
196,Strathbogie,0,0,0,0,0,0,0,0,0,0,0,0,0,0,0,0,0
197,Surf Coast,0,0,0,0,0,0,0,0,0,0,0,0,0,0,0,0,0
198,Swan Hill (RC),0,0,0,0,0,0,0,0,0,0,0,0,0,0,0,0,0
199,Towong,0,0,0,0,0,0,0,0,0,0,0,0,0,0,0,0,0
200,Wangaratta (RC),0,0,0,0,0,0,0,0,0,0,0,0,0,0,0,0,0
201,Warrnambool,0,0,0,0,0,0,0,0,0,0,0,0,0,0,0,0,0
202,Wellington,0,0,0,0,0,0,0,0,0,0,0,0,0,0,0,0,5
203,West Wimmera,0,0,0,0,0,0,0,0,0,0,0,0,0,0,0,0,0
204,Whitehorse,0,0,0,0,0,0,0,0,0,0,0,0,0,0,0,0,0
205,Whittlesea,0,0,0,0,0,0,0,0,0,0,0,0,0,0,0,0,0
206,Wodonga,0,0,0,0,0,0,0,0,0,0,0,0,0,0,0,0,0
207,Wyndham,0,0,0,0,0,0,0,0,0,0,0,0,0,0,0,0,0
208,Yarra,0,0,0,0,0,0,0,0,0,0,0,0,0,0,0,0,0
209,Yarra Ranges,0,0,0,0,0,0,0,0,0,0,0,0,0,0,0,0,0
210,Yarriambiack,0,0,0,0,0,0,0,0,0,0,0,0,0,0,0,0,0
211,Unincorporated Vic,0,0,0,0,0,0,0,0,0,0,0,0,0,0,0,0,0
212,No Fixed Address (Vic.),0,0,0,0,0,5,0,0,0,0,0,0,0,0,0,0,9
213,Migratory - Offshore - Shipping (Vic.),0,0,0,0,0,0,0,0,0,0,0,0,0,0,0,0,0
214,Aurukun,0,0,0,0,0,0,0,0,0,0,0,0,0,0,0,0,0
215,Balonne,0,0,0,0,0,0,0,0,0,0,0,0,0,0,0,0,0
216,Banana,0,0,0,0,0,0,0,0,0,0,0,0,0,0,0,0,0
217,Barcaldine (R),0,0,0,0,0,0,0,0,0,0,0,0,0,0,0,0,0
218,Barcoo,0,0,0,0,0,0,0,0,0,0,0,0,0,0,0,0,0
219,Blackall-Tambo (R),0,0,0,0,0,0,0,0,0,0,0,0,0,0,0,0,0
220,Boulia,0,0,0,0,0,0,0,0,0,0,0,0,0,0,0,0,0
221,Brisbane,0,0,0,0,0,9,0,0,0,0,0,0,0,0,0,0,9
222,Bulloo,0,0,0,0,0,0,0,0,0,0,0,0,0,0,0,0,0
223,Bundaberg (R),0,0,0,0,0,0,0,0,0,0,0,0,0,0,0,0,0
224,Burdekin,0,0,0,0,0,0,0,0,0,0,0,0,0,0,0,0,0
225,Burke,0,0,0,0,0,0,0,0,0,0,0,0,0,0,0,0,0
226,Cairns (R),0,4,0,0,0,0,0,0,0,0,0,0,0,0,0,0,3
227,Carpentaria,0,0,0,0,0,0,0,0,0,0,0,0,0,0,0,0,0
228,Cassowary Coast (R),0,0,0,0,0,0,0,0,0,0,0,0,0,0,0,0,0
229,Central Highlands (R),0,0,0,0,0,0,0,0,0,0,0,0,0,0,0,0,0
230,Charters Towers (R),0,0,0,0,0,0,0,0,0,0,0,0,0,0,0,0,0
231,Cherbourg,0,0,0,0,0,0,0,0,0,0,0,0,0,0,0,0,0
232,Cloncurry,0,0,0,0,0,0,0,0,0,0,0,0,0,0,0,0,5
233,Cook,0,0,0,0,0,0,0,0,0,0,0,0,0,0,0,0,0
234,Croydon,0,0,0,0,0,0,0,0,0,0,0,0,0,0,0,0,0
235,Diamantina,0,0,0,0,0,0,0,0,0,0,0,0,0,0,0,0,0
236,Doomadgee,0,0,0,0,0,0,0,0,0,0,0,0,0,0,0,0,0
237,Douglas,0,0,0,0,0,0,0,0,0,0,0,0,0,0,0,0,0
238,Etheridge,0,0,0,0,0,0,0,0,0,0,0,0,0,0,0,0,0
239,Flinders,0,0,0,0,0,0,0,0,0,0,0,0,0,0,0,0,0
240,Fraser Coast (R),0,0,0,0,0,0,0,0,0,0,0,0,0,0,0,0,0
241,Gladstone (R),0,0,0,0,0,0,0,0,0,0,0,0,0,0,0,0,0
242,Gold Coast,0,0,0,0,0,0,0,0,0,0,0,0,0,0,0,0,0
243,Goondiwindi (R),0,0,0,0,0,0,0,0,0,0,0,0,0,0,0,0,0
244,Gympie (R),0,0,0,0,0,0,0,0,0,0,0,0,0,0,0,0,0
245,Hinchinbrook,0,0,0,0,0,0,0,0,0,0,0,0,0,0,0,0,0
246,Hope Vale,0,0,0,0,0,0,0,0,0,0,0,0,0,0,0,0,0
247,Ipswich,0,0,0,0,0,0,0,0,0,0,0,0,0,0,0,0,0
248,Isaac (R),0,0,0,0,0,0,0,0,0,0,0,0,0,0,0,0,4
249,Kowanyama,0,0,0,0,0,0,0,0,0,0,0,0,0,0,0,0,0
250,Livingstone,0,0,0,0,0,0,0,0,0,0,0,0,0,0,0,0,0
251,Lockhart River,0,0,0,0,0,0,0,0,0,0,0,0,0,0,0,0,0
252,Lockyer Valley (R),0,0,0,0,0,0,0,0,0,0,0,0,0,0,0,0,0
253,Logan,0,0,0,0,0,0,0,0,0,0,0,0,0,0,0,0,0
254,Longreach (R),0,0,0,0,0,0,0,0,0,0,0,0,0,0,0,0,0
255,Mackay (R),0,0,0,0,0,0,0,0,0,0,0,0,0,0,0,0,0
256,McKinlay,0,0,0,0,0,0,0,0,0,0,0,0,0,0,0,0,0
257,Mapoon,0,0,0,0,0,0,0,0,0,0,0,0,0,0,0,0,0
258,Maranoa (R),0,0,0,0,0,0,0,0,0,0,0,0,0,0,0,0,0
259,Mareeba,0,0,0,0,0,0,0,0,0,0,0,0,0,0,0,0,0
260,Moreton Bay (R),0,0,0,0,0,0,0,0,0,0,0,0,0,0,0,0,0
261,Mornington,0,0,0,0,0,0,0,0,0,0,0,0,0,0,0,0,0
262,Mount Isa,0,0,0,0,0,0,0,0,0,0,0,0,0,0,0,0,0
263,Murweh,0,0,0,0,0,0,0,0,0,0,0,0,0,0,0,0,0
264,Napranum,0,0,0,0,0,0,0,0,0,0,0,0,0,0,0,0,0
265,Noosa,0,0,0,0,0,0,0,0,0,0,0,0,0,0,0,0,0
266,North Burnett (R),0,0,0,0,0,0,0,0,0,0,0,0,0,0,0,0,0
267,Northern Peninsula Area (R),0,0,0,0,0,0,0,0,0,0,0,0,0,0,0,0,0
268,Palm Island,0,0,0,0,0,0,0,0,0,0,0,0,0,0,0,0,0
269,Paroo,0,0,0,0,0,0,0,0,0,0,0,0,0,0,0,0,0
270,Pormpuraaw,0,0,0,0,0,0,0,0,0,0,5,0,0,0,0,0,6
271,Quilpie,0,0,0,0,0,0,0,0,0,0,0,0,0,0,0,0,0
272,Redland,0,0,0,0,0,0,0,0,0,0,0,0,0,0,0,0,0
273,Richmond,0,0,0,0,0,0,0,0,0,0,0,0,0,0,0,0,0
274,Rockhampton (R),0,0,0,0,0,0,0,0,0,0,0,0,0,0,0,0,0
275,Scenic Rim (R),0,0,0,0,0,0,0,0,0,0,0,0,0,0,0,0,0
276,Somerset (R),0,0,0,0,0,0,0,0,0,0,0,0,0,0,0,0,0
277,South Burnett (R),0,0,0,0,0,0,0,0,0,0,0,0,0,0,0,0,0
278,Southern Downs (R),0,0,0,0,0,0,0,0,0,0,0,0,0,0,0,0,0
279,Sunshine Coast (R),0,0,0,0,0,3,0,0,0,0,0,0,0,0,0,0,3
280,Tablelands (R),0,0,0,0,0,0,0,0,0,0,0,0,0,0,0,0,0
281,Toowoomba (R),0,0,0,0,0,0,0,0,0,0,0,0,0,0,0,0,0
282,Torres,0,0,0,0,0,0,0,0,0,0,0,0,0,0,0,0,0
283,Torres Strait Island (R),0,0,0,0,0,0,0,0,0,0,0,0,0,0,0,0,0
284,Townsville,0,0,0,0,0,7,0,0,0,0,0,0,0,0,0,0,10
285,Weipa,0,0,0,0,0,0,0,0,0,0,0,0,0,0,0,0,0
286,Western Downs (R),0,0,0,0,0,0,0,0,0,0,0,0,0,0,0,0,3
287,Whitsunday (R),0,0,0,0,0,0,0,0,0,0,0,0,0,0,0,0,0
288,Winton,0,0,0,0,0,0,0,0,0,0,0,0,0,0,0,0,0
289,Woorabinda,0,0,0,0,0,0,0,0,0,0,0,0,0,0,0,0,0
290,Wujal Wujal,0,0,0,0,0,0,0,0,0,0,0,0,0,0,0,0,0
291,Yarrabah,0,0,0,0,0,0,0,0,0,0,0,0,0,0,0,0,0
292,No Fixed Address (Qld),0,0,0,0,0,0,0,0,0,0,0,0,0,0,0,0,7
293,Migratory - Offshore - Shipping (Qld),0,0,0,0,0,0,0,0,0,0,0,0,0,0,0,0,0
294,Adelaide,0,0,0,0,0,0,6,0,0,0,0,0,0,0,0,0,4
295,Adelaide Hills (DC),0,0,0,0,0,0,0,0,0,0,0,0,0,0,0,0,0
296,Alexandrina (DC),0,0,0,0,0,0,0,0,0,0,0,0,0,0,0,0,0
297,Anangu Pitjantjatjara (AC),0,0,0,0,0,0,0,0,0,0,0,0,0,0,0,0,0
298,Barossa (DC),0,0,0,0,0,0,0,0,0,0,0,0,0,0,0,0,0
299,Barunga West (DC),0,0,0,0,0,0,0,0,0,0,0,0,0,0,0,0,0
300,Berri and Barmera (DC),0,0,0,0,0,0,0,0,0,0,0,0,0,0,0,0,0
301,Burnside,0,0,0,0,0,0,0,0,0,0,0,0,0,0,0,0,0
302,Campbelltown,0,0,0,0,0,0,0,0,0,0,0,0,0,0,0,0,0
303,Ceduna (DC),0,0,0,0,0,0,0,0,0,0,0,0,0,0,0,0,0
304,Charles Sturt,0,0,0,0,0,0,0,0,0,0,0,0,0,0,0,0,0
305,Clare and Gilbert Valleys (DC),0,0,0,0,0,0,0,0,0,0,0,0,0,0,0,0,0
306,Cleve (DC),0,0,0,0,0,0,0,0,0,0,0,0,0,0,0,0,0
307,Coober Pedy (DC),0,0,0,0,0,0,0,0,0,0,0,0,0,0,0,0,0
308,Copper Coast (DC),0,0,0,0,0,0,0,0,0,0,0,0,0,0,0,0,0
309,Elliston (DC),0,0,0,0,0,0,0,0,0,0,0,0,0,0,0,0,0
310,Flinders Ranges (DC),0,0,0,0,0,0,0,0,0,0,0,0,0,0,0,0,0
311,Franklin Harbour (DC),0,0,0,0,0,0,0,0,0,0,0,0,0,0,0,0,0
312,Gawler,0,0,0,0,0,0,0,0,0,0,0,0,0,0,0,0,0
313,Goyder (DC),0,0,0,0,0,0,0,0,0,0,0,0,0,0,0,0,0
314,Grant (DC),0,0,0,0,0,0,0,0,0,0,0,0,0,0,0,0,0
315,Holdfast Bay,0,0,0,0,0,0,0,0,0,0,0,0,0,0,0,0,0
316,Kangaroo Island (DC),0,0,0,0,0,0,0,0,0,0,0,0,0,0,0,0,0
317,Karoonda East Murray (DC),0,0,0,0,0,0,0,0,0,0,0,0,0,0,0,0,0
318,Kimba (DC),0,0,0,0,0,0,0,0,0,0,0,0,0,0,0,0,0
319,Kingston (DC),0,0,0,0,0,0,0,0,0,0,0,0,0,0,0,0,0
320,Light (RegC),0,0,0,0,0,0,0,0,0,0,0,0,0,0,0,0,0
321,Lower Eyre Peninsula (DC),0,0,0,0,0,0,0,0,0,0,0,0,0,0,0,0,0
322,Loxton Waikerie (DC),0,0,0,0,0,0,0,0,0,0,0,0,0,0,0,0,0
323,Mallala (DC),0,0,0,0,0,0,0,0,0,0,0,0,0,0,0,0,0
324,Maralinga Tjarutja (AC),0,0,0,0,0,0,0,0,0,0,0,0,0,0,0,0,0
325,Marion,0,0,0,0,0,0,0,0,0,0,0,0,0,0,0,0,0
326,Mid Murray (DC),0,0,0,0,0,0,0,0,0,0,0,0,0,0,0,0,0
327,Mitcham,0,0,0,0,0,0,0,0,0,0,0,0,0,0,0,0,0
328,Mount Barker (DC),0,0,0,0,0,0,0,0,0,0,0,0,0,0,0,0,3
329,Mount Gambier,0,0,0,0,0,0,0,0,0,0,0,0,0,0,0,0,0
330,Mount Remarkable (DC),0,0,0,0,0,0,0,0,0,0,0,0,0,0,0,0,0
331,Murray Bridge (RC),0,0,0,0,0,0,0,0,0,0,0,0,0,0,0,0,0
332,Naracoorte and Lucindale (DC),0,0,0,0,0,0,0,0,0,0,0,0,0,0,0,0,0
333,Northern Areas (DC),0,0,0,0,0,0,0,0,0,0,0,0,0,0,0,0,0
334,Norwood Payneham St Peters,0,0,0,0,0,0,0,0,0,0,0,0,0,0,0,0,0
335,Onkaparinga,0,0,0,0,0,0,0,0,0,0,0,0,0,0,0,0,5
336,Orroroo/Carrieton (DC),0,0,0,0,0,0,0,0,0,0,0,0,0,0,0,0,0
337,Peterborough (DC),0,0,0,0,0,0,0,0,0,0,0,0,0,0,0,0,0
338,Playford,0,0,0,0,0,0,0,0,0,0,0,0,0,0,0,0,0
339,Port Adelaide Enfield,0,0,0,0,0,0,0,0,0,0,0,0,0,0,0,0,0
340,Port Augusta,0,0,0,0,0,0,0,0,0,0,0,0,0,0,0,0,0
341,Port Lincoln,0,0,0,0,0,0,0,0,0,0,0,0,0,0,0,0,0
342,Port Pirie City and Dists (M),0,0,0,0,0,0,0,0,0,0,0,0,0,0,0,0,0
343,Prospect,0,0,0,0,0,0,0,0,0,0,0,0,0,0,0,0,0
344,Renmark Paringa (DC),0,0,0,0,0,0,0,0,0,0,0,0,0,0,0,0,0
345,Robe (DC),0,0,0,0,0,0,0,0,0,0,0,0,0,0,0,0,0
346,Roxby Downs (M),0,0,0,0,0,0,0,0,0,0,0,0,0,0,0,0,0
347,Salisbury,0,0,0,0,0,0,0,0,0,0,0,0,0,0,0,0,0
348,Southern Mallee (DC),0,0,0,0,0,0,0,0,0,0,0,0,0,0,0,0,0
349,Streaky Bay (DC),0,0,0,0,0,0,0,0,0,0,0,0,0,0,0,0,0
350,Tatiara (DC),0,0,0,0,0,0,0,0,0,0,0,0,0,0,0,0,0
351,Tea Tree Gully,0,5,0,0,0,5,0,0,0,0,0,0,0,0,0,0,3
352,The Coorong (DC),0,0,0,0,0,0,0,0,0,0,0,0,0,0,0,0,0
353,Tumby Bay (DC),0,0,0,0,0,0,0,0,0,0,0,0,0,0,0,0,0
354,Unley,0,0,0,0,0,0,0,0,0,0,0,0,0,0,0,0,0
355,Victor Harbor,0,0,0,0,0,0,0,0,0,0,0,0,0,0,0,0,0
356,Wakefield (DC),0,0,0,0,0,0,0,0,0,0,0,0,0,0,0,0,0
357,Walkerville (M),0,0,0,0,0,0,0,0,0,0,0,0,0,0,0,0,0
358,Wattle Range (DC),0,0,0,0,0,0,0,0,0,0,0,0,0,0,0,0,0
359,West Torrens,0,0,0,0,0,0,0,0,0,0,0,0,0,0,0,0,0
360,Whyalla,0,0,0,0,0,0,0,0,0,0,0,0,0,0,0,0,0
361,Wudinna (DC),0,0,0,0,0,0,0,0,0,0,0,0,0,0,0,0,0
362,Yankalilla (DC),0,0,0,0,0,0,0,0,0,0,0,0,0,0,0,0,0
363,Yorke Peninsula (DC),0,0,0,0,0,0,0,0,0,0,0,0,0,0,0,0,0
364,Unincorporated SA,0,0,0,0,0,0,0,0,0,0,0,0,0,0,0,0,0
365,No Fixed Address (SA),0,0,0,0,0,0,0,0,0,0,0,0,0,0,0,0,0
366,Migratory - Offshore - Shipping (SA),0,0,0,0,0,0,0,0,0,0,0,0,0,0,0,0,0
367,Albany,0,0,0,0,0,3,0,0,0,0,0,0,0,0,0,0,8
368,Armadale,3,0,0,0,0,625,36,0,3,4,0,5,0,69,6,0,742
369,Ashburton,0,256,0,0,0,34,14,6,0,0,33,71,0,118,11,0,553
370,Augusta-Margaret River,0,0,0,0,0,0,0,0,0,0,0,0,0,0,0,0,0
371,Bassendean,6,0,0,0,0,79,0,0,0,0,0,0,0,3,0,0,90
372,Bayswater,10,0,0,0,0,199,10,0,0,0,4,0,3,20,0,0,245
373,Belmont,11,3,0,0,0,1188,18,3,10,3,3,10,0,89,12,0,1360
374,Beverley,0,0,0,0,0,0,0,0,0,0,0,0,0,0,0,0,0
375,Boddington,0,7,0,0,0,24,3,0,0,0,0,0,0,15,0,0,50
376,Boyup Brook,0,0,0,0,0,0,0,0,0,0,0,0,0,0,0,0,0
377,Bridgetown-Greenbushes,0,0,0,0,0,0,0,0,0,0,0,0,0,0,0,0,0
378,Brookton,0,0,0,0,0,0,0,0,0,0,0,0,0,0,0,0,0
379,Broome,0,0,0,0,0,6,0,0,0,0,0,0,0,3,0,0,10
380,Broomehill-Tambellup,0,0,0,0,0,0,0,0,0,0,0,0,0,0,0,0,0
381,Bruce Rock,0,0,0,0,0,0,0,0,0,0,0,0,0,0,0,0,3
382,Bunbury,0,0,0,0,0,11,3,0,0,0,0,0,0,0,0,0,21
383,Busselton,0,0,0,0,0,11,0,0,0,0,0,0,0,0,0,0,12
384,Cambridge,61,0,0,0,0,236,7,0,3,0,0,0,4,41,0,0,354
385,Canning,44,25,0,0,3,2547,88,17,16,7,0,13,8,220,19,0,3011
386,Capel,0,0,0,0,0,0,0,0,0,0,0,0,0,0,0,0,0
387,Carnamah,0,0,0,0,0,0,0,0,0,0,0,0,0,0,0,0,0
388,Carnarvon,0,0,0,0,0,0,0,0,0,0,0,0,0,0,0,0,3
389,Chapman Valley,0,0,0,0,0,0,0,0,0,0,0,0,0,0,0,0,0
390,Chittering,0,0,0,0,0,0,0,0,0,0,0,0,0,0,0,0,0
391,Claremont,8,3,0,0,0,211,7,0,0,0,0,0,0,31,4,0,266
392,Cockburn,67,257,19,4,25,9547,897,137,45,127,410,105,1444,1298,147,0,14528
393,Collie,0,0,0,0,0,9,0,0,0,0,0,0,0,0,0,0,4
394,Coolgardie,0,3,0,0,0,0,0,0,0,0,0,0,0,3,0,0,14
395,Coorow,0,0,0,0,0,0,0,0,0,0,0,0,0,0,0,0,0
396,Corrigin,0,0,0,0,0,0,0,0,0,0,0,0,0,0,0,0,0
397,Cottesloe,0,0,0,0,0,99,3,0,0,0,0,0,0,22,0,0,126
398,Cranbrook,0,0,0,0,0,0,0,0,0,0,0,0,0,0,0,0,0
399,Cuballing,0,0,0,0,0,0,0,0,0,0,0,0,0,5,0,0,5
400,Cue,0,0,0,0,0,0,0,0,0,0,0,0,0,0,0,0,0
401,Cunderdin,0,0,0,0,0,0,0,0,0,0,0,0,0,0,0,0,4
402,Dalwallinu,0,0,0,0,0,0,0,0,0,0,0,0,0,0,0,0,0
403,Dandaragan,0,0,0,0,0,0,0,0,0,0,0,0,0,0,0,0,0
404,Dardanup,0,0,0,0,0,0,0,0,0,0,0,0,0,0,0,0,0
405,Denmark,0,0,0,0,0,0,0,0,0,0,0,4,0,0,0,0,3
406,Derby-West Kimberley,0,0,0,0,0,0,0,0,0,0,3,0,0,0,0,0,7
407,Donnybrook-Balingup,0,0,0,0,0,0,0,0,0,0,0,0,0,0,0,0,0
408,Dowerin,0,0,0,0,0,0,0,0,0,0,0,0,0,0,0,0,3
409,Dumbleyung,0,0,0,0,0,0,0,0,0,0,0,0,0,0,0,0,0
410,Dundas,0,0,0,0,0,0,0,0,0,0,0,0,0,0,0,0,4
411,East Fremantle,0,6,0,0,0,175,11,0,0,0,0,0,0,29,3,0,222
412,East Pilbara,0,82,0,0,0,39,20,5,0,0,12,55,0,66,5,0,301
413,Esperance,0,0,0,0,0,0,0,0,0,0,0,0,0,4,0,0,5
414,Exmouth,0,0,0,0,0,0,0,0,0,0,0,0,0,3,0,0,9
415,Fremantle,25,250,0,0,6,3693,283,16,39,60,24,14,17,504,51,0,4979
416,Gingin,0,0,0,0,0,3,0,0,0,0,0,0,0,5,0,0,6
417,Gnowangerup,0,0,0,0,0,0,0,0,0,0,0,0,0,0,0,0,0
418,Goomalling,0,0,0,0,0,0,0,0,0,0,0,0,0,0,0,0,0
419,Gosnells,13,6,0,0,0,788,31,0,0,0,0,0,4,94,9,0,951
420,Greater Geraldton,0,0,0,0,0,4,0,0,0,0,0,0,0,3,0,0,10
421,Halls Creek,0,3,0,0,0,0,0,0,0,0,0,0,0,0,0,0,6
422,Harvey,0,0,0,0,0,6,0,0,0,0,0,0,0,0,0,0,6
423,Irwin,0,0,0,0,0,0,0,0,0,0,0,0,0,0,0,0,0
424,Jerramungup,0,0,0,0,0,0,0,0,0,0,0,0,0,0,0,0,0
425,Joondalup,35,0,0,0,0,125,3,0,3,0,0,0,5,21,0,0,196
426,Kalamunda,0,0,0,0,0,286,6,6,4,0,0,0,0,18,4,0,330
427,Kalgoorlie,0,9,0,0,0,10,4,0,0,0,0,0,0,11,0,0,41
428,Karratha,0,32,0,0,0,25,13,0,0,0,7,4,0,37,3,0,128
429,Katanning,0,0,0,0,0,0,0,0,0,0,0,0,0,0,0,0,0
430,Kellerberrin,0,0,0,0,0,0,0,0,0,0,0,0,0,0,0,0,0
431,Kent,0,0,0,0,0,0,0,0,0,0,0,0,0,0,0,0,0
432,Kojonup,0,0,0,0,0,0,0,0,0,0,0,0,0,0,0,0,0
433,Kondinin,0,0,0,0,0,0,0,0,0,0,0,0,0,0,0,0,4
434,Koorda,0,0,0,0,0,0,0,0,0,0,0,0,0,0,0,0,0
435,Kulin,0,0,0,0,0,0,0,0,0,0,0,0,0,0,0,0,0
436,Kwinana,10,9,0,0,0,1019,37,5,8,5,0,0,4,108,8,0,1211
437,Lake Grace,0,0,0,0,0,0,0,0,0,0,0,0,0,0,0,0,3
438,Laverton,0,17,0,0,0,6,9,0,0,0,5,12,0,23,0,0,73
439,Leonora,0,16,0,0,0,10,6,0,0,0,0,15,0,12,0,0,57
440,Mandurah,12,0,0,0,0,175,0,3,0,0,0,0,3,23,0,0,213
441,Manjimup,0,0,0,0,0,0,0,0,0,0,0,0,0,0,0,0,0
442,Meekatharra,0,11,0,0,0,4,0,0,0,0,0,0,0,4,0,0,20
443,Melville,122,145,0,0,8,4320,278,3,21,61,13,15,16,667,62,0,5738
444,Menzies,0,10,0,0,0,0,3,0,0,0,0,7,0,9,4,0,29
445,Merredin,0,0,0,0,0,0,0,0,0,0,0,0,0,0,0,0,0
446,Mingenew,0,0,0,0,0,0,0,0,0,0,0,0,0,0,0,0,0
447,Moora,0,0,0,0,0,0,0,0,0,0,0,0,0,0,0,0,0
448,Morawa,0,0,0,0,0,0,0,0,0,0,0,0,0,0,0,0,0
449,Mosman Park,3,0,0,0,0,160,4,0,0,0,0,0,0,17,0,0,186
450,Mount Magnet,0,3,0,0,0,3,0,0,0,0,0,0,0,0,0,0,5
451,Mount Marshall,0,0,0,0,0,0,0,0,0,0,0,0,0,0,0,0,0
452,Mukinbudin,0,0,0,0,0,0,0,0,0,0,0,0,0,0,0,0,0
453,Mundaring,0,0,0,0,0,48,6,3,0,0,0,0,0,6,0,0,65
454,Murchison,0,0,0,0,0,0,0,0,0,0,0,0,0,0,0,0,0
455,Murray,0,0,0,0,0,56,4,0,0,0,0,0,0,6,0,0,69
456,Nannup,0,0,0,0,0,0,0,0,0,0,0,0,0,0,0,0,0
457,Narembeen,0,0,0,0,0,0,0,0,0,0,0,0,0,0,0,0,0
458,Narrogin,0,0,0,0,0,4,0,0,0,0,0,0,0,0,0,0,0
459,Nedlands,45,3,0,0,0,605,12,0,11,8,0,0,4,96,5,0,790
460,Ngaanyatjarraku,0,0,0,0,0,0,0,0,0,0,0,0,0,0,0,0,0
461,Northam,0,0,0,0,0,12,0,0,0,0,0,0,0,4,0,0,18
462,Northampton,0,0,0,0,0,0,0,0,0,0,0,0,0,0,0,0,0
463,Nungarin,0,0,0,0,0,0,0,0,0,0,0,0,0,0,0,0,0
464,Peppermint Grove,0,0,0,0,0,40,0,0,0,0,0,0,0,0,0,0,48
465,Perenjori,0,6,0,0,0,0,0,0,0,0,0,5,0,3,3,0,22
466,Perth,2594,79,0,0,7,1610,159,4,22,50,16,34,43,434,55,0,5109
467,Pingelly,0,0,0,0,0,0,0,0,0,0,0,0,0,0,0,0,0
468,Plantagenet,0,0,0,0,0,0,0,0,0,0,0,0,0,0,0,0,0
469,Port Hedland,0,6,0,0,3,31,10,0,0,0,3,8,0,17,4,0,82
470,Quairading,0,0,0,0,0,0,0,0,0,0,0,0,0,0,0,0,0
471,Ravensthorpe,0,0,0,0,0,0,0,0,0,0,0,3,0,0,0,0,3
472,Rockingham,16,4,0,0,0,945,30,3,5,0,3,17,3,97,13,0,1137
473,Sandstone,0,0,0,0,0,0,0,0,0,0,0,0,0,0,0,0,0
474,Serpentine-Jarrahdale,0,0,0,0,0,144,0,6,0,0,0,0,0,17,4,0,171
475,Shark Bay,0,0,0,0,0,0,0,0,0,0,0,0,0,0,0,0,0
476,South Perth,19,7,0,0,0,446,20,3,0,8,0,7,0,43,0,0,550
477,Stirling,88,7,0,0,3,972,20,6,6,5,4,9,13,83,8,0,1218
478,Subiaco,161,12,0,0,0,557,27,0,4,9,4,0,5,113,11,0,908
479,Swan,12,4,0,0,0,584,26,7,6,0,0,8,7,47,7,0,712
480,Tammin,0,0,0,0,0,0,0,0,0,0,0,0,0,0,0,0,0
481,Three Springs,0,0,0,0,0,0,0,0,0,0,0,0,0,0,0,0,0
482,Toodyay,0,0,0,0,0,0,0,0,0,0,0,0,0,0,0,0,0
483,Trayning,0,0,0,0,0,0,0,0,0,0,0,0,0,0,0,0,0
484,Upper Gascoyne,0,0,0,0,0,0,0,0,0,0,0,0,0,0,0,0,0
485,Victoria Park,30,18,5,0,0,887,39,9,7,5,8,3,9,102,13,0,1124
486,Victoria Plains,0,0,0,0,0,4,0,0,0,0,0,0,0,0,0,0,4
487,Vincent,126,7,0,0,0,360,7,0,3,0,3,5,6,51,8,0,578
488,Wagin,0,0,0,0,0,4,0,0,0,0,0,0,0,0,0,0,4
489,Wandering,0,0,0,0,0,0,0,0,0,0,0,0,0,0,0,0,0
490,Wanneroo,8,0,0,0,0,192,4,5,0,0,0,0,0,12,0,0,225
491,Waroona,0,0,0,0,0,6,0,0,0,0,0,0,0,6,0,0,11
492,West Arthur,0,0,0,0,0,0,0,0,0,0,0,0,0,0,0,0,0
493,Westonia,0,0,0,0,0,3,0,0,0,0,0,0,0,0,0,0,3
494,Wickepin,0,0,0,0,0,0,0,0,0,0,0,0,0,0,0,0,0
495,Williams,0,0,0,0,0,0,0,0,0,0,0,0,0,0,0,0,0
496,Wiluna,0,6,0,0,0,5,0,0,0,0,0,4,0,12,0,0,27
497,Wongan-Ballidu,0,0,0,0,0,0,0,0,0,0,0,0,0,0,0,0,0
498,Woodanilling,0,0,0,0,0,0,0,0,0,0,0,0,0,0,0,0,0
499,Wyalkatchem,0,0,0,0,0,0,0,0,0,0,0,0,0,0,0,0,0
500,Wyndham-East Kimberley,0,5,0,0,0,0,0,0,0,0,0,0,0,3,0,0,12
501,Yalgoo,0,0,0,0,0,5,0,0,0,0,0,3,0,0,0,0,11
502,Yilgarn,0,0,0,0,0,6,0,0,0,0,4,4,0,4,0,0,17
503,York,0,0,0,0,0,3,0,0,0,0,0,0,0,0,0,0,3
504,No Fixed Address (WA),30,38,0,0,11,1560,130,90,4,6,14,68,31,273,21,0,2279
505,Migratory - Offshore - Shipping (WA),0,0,0,0,0,0,0,0,0,3,10,35,0,10,3,0,69
506,Break O^Day (M),0,0,0,0,0,0,0,0,0,0,0,0,0,0,0,0,0
507,Brighton (M),0,0,0,0,0,0,0,0,0,0,0,0,0,0,0,0,0
508,Burnie,0,0,0,0,0,0,0,0,0,0,0,0,0,0,0,0,0
509,Central Coast (M),0,0,0,0,0,0,0,0,0,0,0,0,0,0,0,0,0
510,Central Highlands (M),0,0,0,0,0,0,0,0,0,0,0,0,0,0,0,0,0
511,Circular Head (M),0,0,0,0,0,0,0,0,0,0,0,0,0,0,0,0,0
512,Clarence,0,0,0,0,0,0,0,0,0,0,0,0,0,0,0,0,0
513,Derwent Valley (M),0,0,0,0,0,0,0,0,0,0,0,0,0,0,0,0,0
514,Devonport,0,0,0,0,0,0,0,0,0,0,0,0,0,0,0,0,0
515,Dorset (M),0,0,0,0,0,0,0,0,0,0,0,0,0,0,0,0,0
516,Flinders (M),0,0,0,0,0,0,0,0,0,0,0,0,0,0,0,0,0
517,George Town (M),0,0,0,0,0,0,0,0,0,0,0,0,0,0,0,0,0
518,Glamorgan/Spring Bay (M),0,0,0,0,0,0,0,0,0,0,0,0,0,0,0,0,0
519,Glenorchy,0,0,0,0,0,0,0,0,0,0,0,0,0,0,0,0,0
520,Hobart,0,0,0,0,0,3,0,0,0,0,0,0,0,0,0,0,6
521,Huon Valley (M),0,0,0,0,0,0,0,0,0,0,0,0,0,0,0,0,0
522,Kentish (M),0,0,0,0,0,0,0,0,0,0,0,0,0,0,0,0,0
523,King Island (M),0,0,0,0,0,0,0,0,0,0,0,0,0,0,0,0,0
524,Kingborough (M),0,0,0,0,0,0,0,0,0,0,0,0,0,0,0,0,0
525,Latrobe (M),0,0,0,0,0,0,0,0,0,0,0,0,0,0,0,0,0
526,Launceston,0,0,0,0,0,0,0,0,0,0,0,0,0,0,0,0,0
527,Meander Valley (M),0,0,0,0,0,0,0,0,0,0,0,0,0,0,0,0,0
528,Northern Midlands (M),0,0,0,0,0,0,0,0,0,0,0,0,0,0,0,0,0
529,Sorell (M),0,0,0,0,0,0,0,0,0,0,0,0,0,0,0,0,0
530,Southern Midlands (M),0,0,0,0,0,0,0,0,0,0,0,0,0,0,0,0,0
531,Tasman (M),0,0,0,0,0,0,0,0,0,0,0,0,0,0,0,0,0
532,Waratah/Wynyard (M),0,0,0,0,0,0,0,0,0,0,0,0,0,0,0,0,0
533,West Coast (M),0,0,0,0,0,0,0,0,0,0,0,0,0,0,0,0,0
534,West Tamar (M),0,0,0,0,0,0,0,0,0,0,0,0,0,0,0,0,0
535,No Fixed Address (Tas.),0,0,0,0,0,0,0,0,0,0,0,0,0,0,0,0,0
536,Migratory - Offshore - Shipping (Tas.),0,0,0,0,0,0,0,0,0,0,0,0,0,0,0,0,0
537,Alice Springs,0,0,0,0,0,3,0,0,0,0,4,0,0,0,0,0,5
538,Barkly (R),0,0,0,0,0,0,0,0,0,0,0,0,0,0,0,0,0
539,Belyuen,0,0,0,0,0,0,0,0,0,0,0,0,0,0,0,0,0
540,Central Desert (R),0,3,0,0,0,0,0,0,0,0,0,3,0,0,0,0,12
541,Coomalie,0,0,0,0,0,0,0,0,0,0,0,0,0,0,0,0,0
542,Darwin,0,4,0,0,0,3,0,0,0,0,0,0,0,0,0,0,3
543,East Arnhem (R),0,0,0,0,0,0,0,0,0,0,0,0,0,0,0,0,0
544,Katherine,0,0,0,0,0,0,0,0,0,0,0,0,0,0,0,0,0
545,Litchfield (M),0,29,0,0,0,4,8,0,0,0,0,0,0,11,0,0,60
546,MacDonnell (R),0,0,0,0,0,0,0,0,0,0,0,0,0,0,0,0,0
547,Palmerston,0,0,0,0,0,4,0,0,0,0,0,0,0,0,0,0,4
548,Roper Gulf (R),0,0,0,0,0,0,0,0,0,0,0,0,0,0,0,0,0
549,Tiwi Islands (R),0,0,0,0,0,0,0,0,0,0,0,0,0,0,0,0,0
550,Victoria Daly (R),0,0,0,0,0,0,0,0,0,0,0,0,0,0,0,0,0
551,Wagait,0,0,0,0,0,0,0,0,0,0,0,0,0,0,0,0,0
552,West Arnhem (R),0,0,0,0,0,0,0,0,0,0,0,0,0,0,0,0,0
553,West Daly (R),0,0,0,0,0,0,0,0,0,0,0,0,0,0,0,0,0
554,Unincorporated NT,0,3,0,0,0,0,0,0,0,0,0,0,0,0,0,0,5
555,No Fixed Address (NT),0,7,0,0,0,0,0,0,0,0,0,0,0,0,0,0,4
556,Migratory - Offshore - Shipping (NT),0,0,0,0,0,0,0,0,0,0,0,0,0,0,0,0,3
557,Unincorporated ACT,0,0,0,0,0,0,0,0,0,0,0,0,0,0,0,0,7
558,No Fixed Address (ACT),0,0,0,0,0,0,0,0,0,0,0,0,0,0,0,0,0
559,Migratory - Offshore - Shipping (ACT),0,0,0,0,0,0,0,0,0,0,0,0,0,0,0,0,0
560,Unincorp. Other Territories,0,0,0,0,0,3,0,0,0,0,0,0,0,0,0,0,3
561,No Fixed Address (OT),0,0,0,0,0,0,0,0,0,0,0,0,0,0,0,0,0
562,Migratory - Offshore - Shipping (OT),0,0,0,0,0,0,0,0,0,0,0,0,0,0,0,0,0
563,POW not applicable,0,0,0,0,0,0,0,0,0,0,0,0,0,0,0,52706,52706
564,Total,3577,1414,33,9,79,34931,2332,343,232,358,619,570,1658,5081,527,52706,104472
